Trending Topics in Kenya,Category
Trending Topics in Kenya,Category
Trending Topics in Kenya,Category
Trending Topics in Kenya,Category
Trending Topics in Kenya,Category
Trending Topics in Kenya,Category
Trending Topics in Kenya,Category
Trending Topics in Kenya,Category
Trending Topics in Kenya,Category
Trending Topics in Kenya,Category
Trending Topics in Kenya,Category
Trending Topics in Kenya,Category
Trending Topics in Kenya,Category
Trending Topics in Kenya,Category
Trending Topics in Kenya,Category
Trending Topics in Kenya,Category
Trending Topics in Kenya,Category
Trending Topics in Kenya,Category
Trending Topics in Kenya,Category
Trending Topics in Kenya,Category
Trending Topics in Kenya,Category
