category,title,likes,num_comments,url
other,Homophobia.,122,104,https://i.redd.it/6sc411qsviwd1.png
other,Getting Robbed and Trauma,119,63,https://www.reddit.com/r/Kenya/comments/1gajzex/getting_robbed_and_trauma/
other,Ruto must go ....  NOW!!!,94,56,https://www.reddit.com/r/Kenya/comments/1gb13sg/ruto_must_go_now/
other,Friendships with female friends is confusing,70,73,https://www.reddit.com/r/Kenya/comments/1gavk4v/friendships_with_female_friends_is_confusing/
other,Break ups.,41,48,https://www.reddit.com/r/Kenya/comments/1gawuwf/break_ups/
other,URGENT! URGENT! URGENT!,38,12,https://www.reddit.com/gallery/1gamsg0
other,Is Kenya ready for a taxpayer revolt??,28,62,https://www.reddit.com/r/Kenya/comments/1gau8a8/is_kenya_ready_for_a_taxpayer_revolt/
other,"My parents are wrong, a lot.",24,37,https://www.reddit.com/r/Kenya/comments/1gas94y/my_parents_are_wrong_a_lot/
other,Reject Term Limit Extension ,23,8,http://active-citizen-ke.vercel.app
other,I Need A Break!,23,49,https://www.reddit.com/r/Kenya/comments/1gay9gf/i_need_a_break/
other,What led you to start taking life more seriously?,234,79,https://www.reddit.com/r/nairobi/comments/1gacr4m/what_led_you_to_start_taking_life_more_seriously/
other,What would you do because wueeh,98,144,https://www.reddit.com/r/nairobi/comments/1gaxsjn/what_would_you_do_because_wueeh/
other,Guys mnapendaga nyash sana kweli?,89,192,https://www.reddit.com/r/nairobi/comments/1gaw2pr/guys_mnapendaga_nyash_sana_kweli/
other,Hii taon na wizi. ,73,40,https://www.reddit.com/r/nairobi/comments/1gaxvu4/hii_taon_na_wizi/
other,URGENT! URGENT! URGENT!,66,20,https://www.reddit.com/gallery/1gamlv9
other,Mnacope aje na life bana..,53,106,https://www.reddit.com/r/nairobi/comments/1gavmvm/mnacope_aje_na_life_bana/
other,Girlies who are making Ad‚Äôs on,44,33,https://www.reddit.com/r/nairobi/comments/1gaddjd/girlies_who_are_making_ads_on/
other,Hapa ni kama nimemess,46,84,https://www.reddit.com/r/nairobi/comments/1gazs29/hapa_ni_kama_nimemess/
other,Mornings ,35,44,https://www.reddit.com/r/nairobi/comments/1gawvri/mornings/
other,Mrs 50 cents with her many men,31,32,https://www.reddit.com/r/nairobi/comments/1gax45l/mrs_50_cents_with_her_many_men/
other,D.Y.O.R,1,0,https://www.reddit.com/r/KenyaOfficial/comments/1gai3q0/dyor/
other,Fom,0,0,https://www.reddit.com/r/KenyaNews/comments/1fyvbb6/fom/
other,If you are struggling to live in the present moment ,3,0,https://youtu.be/ZhXQKMezVkI?si=wVg-rcVEUWiFcShc
other,Nails ,3,0,https://www.reddit.com/r/KenyanLadies/comments/1gai0zn/nails/
other,S*x tips ‚Äì Girl Talk ü´∂üèæ,3,29,https://www.reddit.com/r/KenyanLadies/comments/1gaqe6e/sx_tips_girl_talk/
other,You're all welcome ,0,0,https://i.redd.it/lx4v2jrpabwd1.jpeg
